trim,mileage,price
350,21929,55994
350,17770,60900
350,29108,54995
350,35004,59988
350,66689,37995
350,19567,59977
350,10616,69900
350,2578,68960
350,23677,61001
350,28384,58992
350,21388,69900
65 AMG,106,235375
65 AMG,11,226465
350,87100,9995
65 AMG,74461,24995
350,26183,49990
350,32800,53999
350,55683,62997
350,29044,61900
350,61676,35900
350,117683,12900
65 AMG,73415,54981
65 AMG,17335,102500
350,29468,40999
65 AMG,7,230860
350,35642,21995
65 AMG,48398,35888
65 AMG,61500,45981
65 AMG,49515,49982
65 AMG,70692,43990
65 AMG,5,216510
350,7342,53900
350,22751,56991
350,2384,75900
350,21874,58975
350,5404,81895
350,12414,64900
350,15435,68950
350,41075,53981
350,11862,76878
350,31300,53000
65 AMG,50,226115
65 AMG,89,221750
350,68221,16980
350,52003,17998
350,104426,10995
65 AMG,69652,42982
65 AMG,79795,41995
65 AMG,55730,78992
350,11076,59900
350,21185,51495
350,32290,48789
350,38310,47994
350,40755,46995
65 AMG,7,244325
65 AMG,43,224625
65 AMG,31048,59888
65 AMG,11632,110995
65 AMG,31321,79888
350,31782,52999
350,14,74900
65 AMG,11,235365
350,62028,15991
65 AMG,45200,85000
65 AMG,85142,37900
65 AMG,48579,77444
350,33720,42999
65 AMG,17,225681
65 AMG,10,227715
65 AMG,12,227685
65 AMG,10,236125
350,76146,14950
65 AMG,52800,40800
65 AMG,76093,49950
65 AMG,52951,64999
65 AMG,49436,86887
350,18748,59995
350,9300,103410
350,19266,62995
65 AMG,18,240825
350,80511,15991
65 AMG,51670,59995
65 AMG,49735,61900
65 AMG,52045,61491
65 AMG,28626,89888
350,10385,71895
350,7000,82000
350,29996,61995
350,3524,70900
350,10721,62988
65 AMG,3,224625
350,51026,14991
65 AMG,15512,114998
350,25685,61900
350,38239,51312
350,20868,44999
350,48230,51777
350,38503,52900
65 AMG,20,231325
65 AMG,10,226115
65 AMG,8,224765
65 AMG,16,228325
350,65757,14993
65 AMG,86472,22994
350,32047,50500
350,24501,66900
350,29648,69994
350,59439,39995
350,1514,94230
65 AMG,11,225975
65 AMG,13,235475
350,77159,16995
65 AMG,62114,47995
65 AMG,61560,47888
65 AMG,20578,107965
350,31158,62995
65 AMG,4685,199900
350,102919,13895
350,52670,19495
350,93400,12995
65 AMG,50942,49900
65 AMG,22662,114889
65 AMG,9982,129995
350,36851,53993
350,22634,62995
350,18516,51950
350,41913,49888
350,56981,45777
350,22893,65995
350,6538,74895
350,5246,63991
350,2747,67995
65 AMG,6,228325
65 AMG,4,226710
350,55046,16851
350,95011,13998
65 AMG,24482,44992
65 AMG,44075,50037
65 AMG,2563,98888
350,81600,34995
350,12018,69500
350,21596,59991
350,21348,63862
350,79707,15500
350,48481,20879
350,123524,13498
65 AMG,34586,49991
65 AMG,38694,86900
65 AMG,27704,99900
350,35014,51970
350,50884,47995
350,26703,49995
350,22180,56900
65 AMG,7,227865
65 AMG,8,226965
350,91278,11998
65 AMG,79713,45888
65 AMG,40527,62498
350,19259,59881
350,15129,62900
350,44492,41977
350,120997,13900
65 AMG,59391,29991
65 AMG,76271,26900
65 AMG,10,230825
65 AMG,27,227360
65 AMG,77288,44995
350,2902,68991
350,27806,46298
350,34577,53002
350,39,81900
65 AMG,45869,18990
65 AMG,67604,44777
65 AMG,23174,99990
350,7116,69998
350,31810,51295
350,33917,49888
350,18046,51990
350,137076,6600
350,84402,15999
65 AMG,29744,54995
65 AMG,32115,50999
65 AMG,11400,77900
65 AMG,68444,49999
65 AMG,30,231565
350,24094,49990
350,27797,53900
350,49329,53999
350,149895,7999
350,23097,19899
65 AMG,46319,29899
65 AMG,18741,42888
65 AMG,78695,26995
65 AMG,20000,79900
65 AMG,18667,95000
350,15772,66995
350,40460,51999
350,29946,54982
350,39035,46900
350,44822,62739
350,160000,8500
350,45433,15994
350,81707,14900
65 AMG,118986,25887
65 AMG,61154,44495
350,37470,44877
350,41754,42900
350,19571,51995
350,46352,38999
350,19086,55900
350,25599,61971
65 AMG,7,224625
350,61686,19988
350,36483,19995
65 AMG,41054,64990
65 AMG,43967,61991
65 AMG,24209,117993
350,8,79987
350,23258,59941
350,19305,54995
350,34548,49994
350,64785,14992
65 AMG,119910,19999
65 AMG,69507,28882
65 AMG,42443,85981
350,28149,59850
350,28717,49900
350,35848,55900
350,2930,68991
350,40231,68995
65 AMG,15,226925
350,102292,13350
65 AMG,79710,22999
65 AMG,12737,79500
65 AMG,56337,52850
65 AMG,22123,87900
350,94900,30995
350,100,94230
350,36095,66900
350,7308,62900
65 AMG,10,232035
350,85141,15750
65 AMG,28,156992
350,22597,54536
350,21191,51500
65 AMG,17,234815
350,63347,15999
65 AMG,73240,28900
65 AMG,137951,35850
65 AMG,75973,44950
350,32482,58991
65 AMG,3,224625
65 AMG,74676,54450
350,25159,55993
350,37728,55600
350,32952,50985
350,24638,57991
350,13280,70770
350,21101,54556
65 AMG,12,232475
350,98665,16988
350,104175,11999
350,101985,12995
65 AMG,87945,42888
65 AMG,93210,35000
350,5465,69991
65 AMG,16,226575
65 AMG,8,237935
350,76426,14532
350,90994,13488
65 AMG,65992,28995
65 AMG,28614,187645
65 AMG,42813,56888
65 AMG,69966,43998
350,22503,53995
65 AMG,10,229315
350,75335,9995
350,66120,19900
65 AMG,7780,91989
65 AMG,7267,159950
65 AMG,19049,105888
350,27813,43995
350,25464,64900
350,28774,62900
350,28605,49955
65 AMG,12,228465
350,108345,10977
350,73002,15995
65 AMG,59567,28871
65 AMG,59471,47690
65 AMG,78303,45800
65 AMG,16502,99999
65 AMG,16536,115000
350,18,94230
350,90009,39999
350,29377,58990
350,39256,48995
350,35851,55900
350,72720,43985
65 AMG,30,227675
350,84263,15770
350,80645,14995
350,71963,15977
65 AMG,69302,46917
65 AMG,60261,53995
350,57,102810
350,39870,42995
350,18906,48991
350,117119,11980
350,83649,12989
65 AMG,35092,64888
350,25402,56992
350,71639,41873
350,42315,49970
350,2325,74899
350,27214,59995
65 AMG,5,225425
65 AMG,6,224975
65 AMG,64734,25247
65 AMG,82436,26995
65 AMG,103682,38930
65 AMG,17570,59994
65 AMG,52340,86991
65 AMG,17,228410
65 AMG,39721,97699
350,40639,44995
350,44343,49995
350,29755,53999
350,18738,59763
350,18540,64900
65 AMG,23,226375
65 AMG,10,230985
350,43894,16988
65 AMG,47559,69995
65 AMG,35705,81999
65 AMG,146975,32995
350,29715,55990
350,117907,12412
350,58662,19795
65 AMG,46738,61995
350,40682,51993
350,14670,56900
350,46213,55992
350,17088,66766
350,25448,59999
350,3559,69895
350,16928,55881
350,91536,13700
350,91705,8990
350,83310,14951
65 AMG,75569,44995
65 AMG,38201,55888
65 AMG,56828,79990
350,10055,61995
350,36523,56600
350,17584,61995
350,12403,49995
350,6,102460
350,50085,17511
350,110511,10995
350,78656,14799
65 AMG,30892,69949
65 AMG,27310,58980
350,20325,63093
350,34008,57995
350,54489,11875
350,85214,10800
65 AMG,103007,21950
65 AMG,74800,68900
65 AMG,26561,83950
65 AMG,11539,99995
350,10447,58998
350,21130,59734
350,27300,53991
350,49560,43987
350,57773,40999
350,40548,47999
350,10488,70895
350,119774,12988
65 AMG,80374,40890
65 AMG,65751,40500
350,31825,48955
350,28749,56993
65 AMG,5,228825
65 AMG,29712,42990
65 AMG,69415,39950
350,23775,49900
350,56045,54991
350,791,73995
350,20055,64900
350,851,94230
65 AMG,5,225420
350,106705,13995
350,102440,10980
65 AMG,91102,26980
65 AMG,50761,63895
350,34271,58991
350,4308,82910
350,14515,59988
350,9099,97184
350,27604,56100
65 AMG,5,230085
65 AMG,17,226465
65 AMG,17,226465
350,135020,9998
350,73429,15995
65 AMG,42107,32455
65 AMG,17392,64991
65 AMG,44920,42995
65 AMG,9343,114989
65 AMG,57242,79888
350,20498,43999
350,4978,69990
350,45750,46995
350,2814,70995
350,2951,69995
350,12201,76751
350,22199,49500
350,34387,55991
65 AMG,27,227375
350,72426,14791
350,83604,17995
350,139500,13995
65 AMG,69724,24950
65 AMG,31156,48950
350,3541,74988
350,26733,54990
350,40863,53981
350,17698,54900
350,116193,39000
65 AMG,16,234910
65 AMG,14,229870
65 AMG,8,226135
65 AMG,7,226620
65 AMG,79212,29991
65 AMG,33515,77889
65 AMG,68369,43888
350,51809,47999
350,32493,62900
350,15873,48995
350,18575,48995
65 AMG,7,224625
350,122279,9995
65 AMG,79370,25000
65 AMG,46417,66991
65 AMG,44245,71995
350,2086,74991
350,59552,51950
350,37406,55911
350,80276,14000
350,81757,14888
65 AMG,30223,80000
65 AMG,12280,153900
350,31091,70981
350,28259,49495
65 AMG,1,226235
65 AMG,18,228935
65 AMG,9,226625
350,35681,17995
350,26634,19120
65 AMG,46890,36900
65 AMG,54540,41892
350,44685,49991
350,19938,62988
350,20414,58990
350,10,106010
65 AMG,10,228875
65 AMG,11,225525
350,65869,13750
350,93603,12888
350,77861,14991
350,95106,10995
65 AMG,26985,94995
65 AMG,45856,99000
65 AMG,68026,79999
350,29239,55950
65 AMG,58243,57800
65 AMG,59253,54983
65 AMG,56788,84887
65 AMG,65654,72999
350,20663,53250
350,6655,59991
65 AMG,5,230685
65 AMG,10,225915
350,77841,15989
350,62500,16991
350,74439,17500
65 AMG,63900,31500
65 AMG,39488,36995
65 AMG,75341,29981
65 AMG,20834,96777
350,20033,47000
350,16877,49995
350,5864,69991
65 AMG,86281,45999
65 AMG,22739,62900
350,4444,65900
350,11682,64991
350,25730,65991
65 AMG,31,226135
350,153001,10980
65 AMG,19176,175999
65 AMG,19316,99740
65 AMG,36663,73980
65 AMG,5562,159850
350,55372,43188
350,28685,59982
350,111,71995
350,15841,67991
350,67229,39995
350,16038,55112
350,66821,44995
65 AMG,6,233625
65 AMG,7,226485
350,102843,13995
350,74801,15991
65 AMG,34836,59900
65 AMG,46732,53999
350,41268,47855
350,2714,65995
350,10,94230
350,23871,57950
65 AMG,21998,37895
65 AMG,56458,61994
65 AMG,9519,115770
350,25,94230
350,22972,54990
350,26652,62995
350,68891,44990
350,103060,11922
65 AMG,36052,49981
350,107403,13888
350,94087,12988
65 AMG,36123,97995
65 AMG,68375,37994
350,30639,58001
65 AMG,12,225910
350,127512,8999
65 AMG,61718,49890
65 AMG,51854,68000
350,33761,57498
350,36168,54991
350,27199,59991
350,104000,13790
350,93654,14826
65 AMG,22373,65881
65 AMG,23560,60900
65 AMG,26048,99500
350,26620,59988
350,16474,58985
350,47107,54900
65 AMG,13,226480
350,112381,9950
350,109890,12975
65 AMG,35927,65991
65 AMG,25748,54981
350,65602,43000
350,15089,64988
350,17003,63271
350,23614,61768
65 AMG,12,226570
350,84000,14995
65 AMG,37514,60882
65 AMG,55403,54991
65 AMG,12175,139900
350,22690,53994
65 AMG,44,239115
350,139497,7250
65 AMG,64497,55978
65 AMG,21195,95999
350,11297,67962
350,17,102110
350,26485,62991
350,8154,64991
350,20952,54883
350,3257,63995
350,25825,62960
65 AMG,11,235170
65 AMG,20,230625
65 AMG,10,229810
65 AMG,9,226465
65 AMG,8,224351
350,139700,8999
350,69536,15995
65 AMG,82636,24000
350,12741,66990
350,5508,81991
350,129867,8995
350,76025,18995
350,28516,18987
65 AMG,66259,44980
350,13,74900
350,22779,48995
350,22020,67988
350,15211,69900
350,24788,61873
350,18637,54995
350,19710,49900
65 AMG,50142,49995
65 AMG,51000,53995
65 AMG,17488,85950
350,43002,43900
350,12974,57999
350,16373,59995
65 AMG,1,226615
350,103788,12950
350,130642,10985
65 AMG,10420,41988
65 AMG,73900,26000
65 AMG,88015,59950
65 AMG,84736,57777
65 AMG,4324,119000
350,38087,47500
350,6029,67900
350,37533,61883
350,35670,57995
350,24845,49995
350,39806,40999
65 AMG,10,226465
65 AMG,2097,226662
65 AMG,22,225975
65 AMG,5,224625
65 AMG,36,234215
350,95487,12085
350,85990,15178
65 AMG,29722,42808
65 AMG,33940,64000
65 AMG,85858,57500
65 AMG,6,224625
65 AMG,20,234465
350,173000,6942
65 AMG,134997,29995
65 AMG,80256,49888
350,9405,57995
350,30000,52900
350,35176,49781
350,38956,52995
65 AMG,24,247075
350,116385,11990
65 AMG,52596,56490
350,25140,64892
350,14588,63500
350,18126,49994
350,27079,58881
350,21730,61990
350,25392,49999
350,116233,9995
65 AMG,38106,31900
65 AMG,33267,49900
65 AMG,42278,49800
65 AMG,28980,97700
350,20291,59888
350,30091,49900
350,34928,49510
350,29846,61995
350,22554,54995
350,10270,66991
65 AMG,2509,232775
65 AMG,85149,42999
65 AMG,70527,42000
65 AMG,36953,97493
350,13086,45999
350,21122,49999
350,21296,52998
350,14,98745
65 AMG,25,235980
65 AMG,16,236020
65 AMG,10,226485
65 AMG,59426,32995
65 AMG,44210,57750
65 AMG,92393,49888
65 AMG,20731,122981
350,20327,58991
65 AMG,17,234875
350,63874,16990
65 AMG,91893,19950
65 AMG,10329,155888
65 AMG,26035,138450
350,34588,53750
65 AMG,17,232675
350,97789,13226
350,90756,14900
350,97724,11995
65 AMG,14453,148888
350,46171,49950
350,56201,40860
350,77207,38884
350,18427,59955
350,23584,43999
350,28842,47995
350,2309,69995
65 AMG,25,229135
65 AMG,11,226465
350,49112,20995
350,59950,14990
350,8227,79990
350,20485,69759
350,80386,43400
350,14554,56995
350,28391,66990
350,35200,21290
350,87291,12994
350,87458,12995
350,20056,64000
350,27730,53900
350,29143,58990
350,29583,59995
65 AMG,10,226465
